table_id,metric_name,value
T1,m1_fep1_uncond,0.10189802046112251
T1,m1_fep1_cond_l1,0.24712562100780697
T1,m1_fep1_cond_l2,0.192603550295858
T1,m1_fep1_cond_l3,0.18477251624883936
T1,m1_fep1_cond_l4,0.09450766947055914
T1,m1_fep2_uncond,0.10204747089113216
T1,m1_fep2_cond_l1,0.15159537411174587
T1,m1_fep2_cond_l2,0.1253627394080093
T1,m1_fep2_cond_l3,0.1153612629022465
T1,m1_fep2_cond_l4,0.07708366789786414
T1,m1_fep3_uncond,0.10130021874108393
T1,m1_fep3_cond_l1,0.14804310833806011
T1,m1_fep3_cond_l2,0.12819008506893517
T1,m1_fep3_cond_l3,0.11650038372985418
T1,m1_fep3_cond_l4,0.09471825333119281
T1,m1_fep4_uncond,0.0982296917245221
T1,m1_fep4_cond_l1,0.144937986732045
T1,m1_fep4_cond_l2,0.1304673457159976
T1,m1_fep4_cond_l3,0.1296933667083855
T1,m1_fep4_cond_l4,0.11976535766661235
T1,m1_fep5_uncond,0.098582938195454
T1,m1_fep5_cond_l1,0.17792825241319696
T1,m1_fep5_cond_l2,0.1705820739188987
T1,m1_fep5_cond_l3,0.1665625
T1,m1_fep5_cond_l4,0.16383357616966165
T1,m1_fep6_uncond,0.09750961237993017
T1,m1_fep6_cond_l1,0.19028398443131037
T1,m1_fep6_cond_l2,0.17686768676867687
T1,m1_fep6_cond_l3,0.16947828803498907
T1,m1_fep6_cond_l4,0.17772357723577237
T1,m1_fep7_uncond,0.10005026969009416
T1,m1_fep7_cond_l1,0.16111662179396344
T1,m1_fep7_cond_l2,0.14737780418957064
T1,m1_fep7_cond_l3,0.12944084028421377
T1,m1_fep7_cond_l4,0.13214171720395787
T1,m1_fep8_uncond,0.09999592407918155
T1,m1_fep8_cond_l1,0.1592996555683123
T1,m1_fep8_cond_l2,0.1313329312424608
T1,m1_fep8_cond_l3,0.11838593185743444
T1,m1_fep8_cond_l4,0.09030371934383628
T1,m1_fep9_uncond,0.1005257937855794
T1,m1_fep9_cond_l1,0.17299457607764773
T1,m1_fep9_cond_l2,0.14429580640312642
T1,m1_fep9_cond_l3,0.14545454545454545
T1,m1_fep9_cond_l4,0.08059506293934936
T1,m1_fep10_uncond,0.09986006005190005
T1,m1_fep10_cond_l1,0.30425440481306404
T1,m1_fep10_cond_l2,0.28247484607298395
T1,m1_fep10_cond_l3,0.28378165801478683
T1,m1_fep10_cond_l4,0.15335094090458898
T1,m2_fep1_uncond,0.10188946078834421
T1,m2_fep1_cond_l1,0.20010148849797024
T1,m2_fep1_cond_l2,0.1552696510398308
T1,m2_fep1_cond_l3,0.1420826322677136
T1,m2_fep1_cond_l4,0.06065288777284141
T1,m2_fep2_uncond,0.10147835095624147
T1,m2_fep2_cond_l1,0.13304498269896195
T1,m2_fep2_cond_l2,0.1211141060197664
T1,m2_fep2_cond_l3,0.10993777107297756
T1,m2_fep2_cond_l4,0.07547169811320754
T1,m2_fep3_uncond,0.10077124204502474
T1,m2_fep3_cond_l1,0.12034188034188034
T1,m2_fep3_cond_l2,0.11283345349675558
T1,m2_fep3_cond_l3,0.09767529058867641
T1,m2_fep3_cond_l4,0.0939116593712694
T1,m2_fep4_uncond,0.10091924158458174
T1,m2_fep4_cond_l1,0.13726847844902199
T1,m2_fep4_cond_l2,0.11720879520261676
T1,m2_fep4_cond_l3,0.12021961378265808
T1,m2_fep4_cond_l4,0.11650876839346906
T1,m2_fep5_uncond,0.10106724112413873
T1,m2_fep5_cond_l1,0.16211105380780472
T1,m2_fep5_cond_l2,0.15015395761637385
T1,m2_fep5_cond_l3,0.15265151515151515
T1,m2_fep5_cond_l4,0.1588008912294916
T1,m2_fep6_uncond,0.10077124204502474
T1,m2_fep6_cond_l1,0.15015374103177315
T1,m2_fep6_cond_l2,0.13299964247407936
T1,m2_fep6_cond_l3,0.13499906768599665
T1,m2_fep6_cond_l4,0.14466653473184246
T1,m2_fep7_uncond,0.09629836707174688
T1,m2_fep7_cond_l1,0.12751436781609196
T1,m2_fep7_cond_l2,0.1120837297811608
T1,m2_fep7_cond_l3,0.11226114649681529
T1,m2_fep7_cond_l4,0.11165048543689321
T1,m2_fep8_uncond,0.09823880547927184
T1,m2_fep8_cond_l1,0.12990196078431374
T1,m2_fep8_cond_l2,0.10577810596270999
T1,m2_fep8_cond_l3,0.10190958690568978
T1,m2_fep8_cond_l4,0.10096449825569465
T1,m2_fep9_uncond,0.09822236108598774
T1,m2_fep9_cond_l1,0.12910591955032497
T1,m2_fep9_cond_l2,0.12148148148148148
T1,m2_fep9_cond_l3,0.11505821985395698
T1,m2_fep9_cond_l4,0.08101371001246364
T1,m2_fep10_uncond,0.1003436878196379
T1,m2_fep10_cond_l1,0.13693510023785252
T1,m2_fep10_cond_l2,0.1307331166486096
T1,m2_fep10_cond_l3,0.15800697944939898
T1,m2_fep10_cond_l4,0.07216703831339956
T1,m3_fep1_uncond,0.10134934469623604
T1,m3_fep1_cond_l1,0.13705040780853056
T1,m3_fep1_cond_l2,0.12472067039106145
T1,m3_fep1_cond_l3,0.11250547205603385
T1,m3_fep1_cond_l4,0.10803408399269629
T1,m3_fep2_uncond,0.09979985796371618
T1,m3_fep2_cond_l1,0.10903679653679654
T1,m3_fep2_cond_l2,0.10246652572233968
T1,m3_fep2_cond_l3,0.10002963841138116
T1,m3_fep2_cond_l4,0.09621353196772191
T1,m3_fep3_uncond,0.09982568274259151
T1,m3_fep3_cond_l1,0.10460251046025104
T1,m3_fep3_cond_l2,0.1028523254180132
T1,m3_fep3_cond_l3,0.10205882352941177
T1,m3_fep3_cond_l4,0.10314658480429778
T1,m3_fep4_uncond,0.10012266769965782
T1,m3_fep4_cond_l1,0.10881039382866423
T1,m3_fep4_cond_l2,0.09637028700056274
T1,m3_fep4_cond_l3,0.10391323464751576
T1,m3_fep4_cond_l4,0.09961270333075135
T1,m3_fep5_uncond,0.10052295177222545
T1,m3_fep5_cond_l1,0.10948217888365837
T1,m3_fep5_cond_l2,0.10567624386825508
T1,m3_fep5_cond_l3,0.09766827980642323
T1,m3_fep5_cond_l4,0.10664014687882498
T1,m3_fep6_uncond,0.09961908451158887
T1,m3_fep6_cond_l1,0.10470202296336796
T1,m3_fep6_cond_l2,0.09803082191780822
T1,m3_fep6_cond_l3,0.09295396990913153
T1,m3_fep6_cond_l4,0.10366232153941651
T1,m3_fep7_uncond,0.1004325650461618
T1,m3_fep7_cond_l1,0.10006724949562879
T1,m3_fep7_cond_l2,0.10338556239507554
T1,m3_fep7_cond_l3,0.10470365516237076
T1,m3_fep7_cond_l4,0.1048313582497721
T1,m3_fep8_uncond,0.09939957389114856
T1,m3_fep8_cond_l1,0.10530601167051161
T1,m3_fep8_cond_l2,0.10901142293047525
T1,m3_fep8_cond_l3,0.1073221139651609
T1,m3_fep8_cond_l4,0.10584615384615384
T1,m3_fep9_uncond,0.09890890309251726
T1,m3_fep9_cond_l1,0.1054840893703453
T1,m3_fep9_cond_l2,0.1064342403628118
T1,m3_fep9_cond_l3,0.1032248564276248
T1,m3_fep9_cond_l4,0.10159607120933088
T1,m3_fep10_uncond,0.1000193685841565
T1,m3_fep10_cond_l1,0.13367986138877783
T1,m3_fep10_cond_l2,0.1265609653430616
T1,m3_fep10_cond_l3,0.10992856101472517
T1,m3_fep10_cond_l4,0.10648007301490721
T1,m4_fep1_uncond,0.10204319001279417
T1,m4_fep1_cond_l1,0.16616114994065673
T1,m4_fep1_cond_l2,0.14038488162813237
T1,m4_fep1_cond_l3,0.165080738177624
T1,m4_fep1_cond_l4,0.1474494415937217
T1,m4_fep2_uncond,0.09768800320500394
T1,m4_fep2_cond_l1,0.10843870258383727
T1,m4_fep2_cond_l2,0.10612597066436583
T1,m4_fep2_cond_l3,0.11151241534988714
T1,m4_fep2_cond_l4,0.10123574144486693
T1,m4_fep3_uncond,0.09895449669807053
T1,m4_fep3_cond_l1,0.10256061018795969
T1,m4_fep3_cond_l2,0.10730464326160816
T1,m4_fep3_cond_l3,0.09955489614243324
T1,m4_fep3_cond_l4,0.10744186046511628
T1,m4_fep4_uncond,0.10099639437056565
T1,m4_fep4_cond_l1,0.10632299637535239
T1,m4_fep4_cond_l2,0.0999017819559422
T1,m4_fep4_cond_l3,0.11002194586686175
T1,m4_fep4_cond_l4,0.10708853057499239
T1,m4_fep5_uncond,0.10025976040010856
T1,m4_fep5_cond_l1,0.10479405806887239
T1,m4_fep5_cond_l2,0.10189640532125673
T1,m4_fep5_cond_l3,0.1057960381511372
T1,m4_fep5_cond_l4,0.10459222853632315
T1,m4_fep6_uncond,0.10014344977319428
T1,m4_fep6_cond_l1,0.10895522388059702
T1,m4_fep6_cond_l2,0.10227433253284363
T1,m4_fep6_cond_l3,0.10577633328408922
T1,m4_fep6_cond_l4,0.1055299539170507
T1,m4_fep7_uncond,0.10032437741506094
T1,m4_fep7_cond_l1,0.10418353576248313
T1,m4_fep7_cond_l2,0.10344342937456079
T1,m4_fep7_cond_l3,0.1045761220299208
T1,m4_fep7_cond_l4,0.10795890200889434
T1,m4_fep8_uncond,0.09847633078742295
T1,m4_fep8_cond_l1,0.1006168608636052
T1,m4_fep8_cond_l2,0.10034256351698544
T1,m4_fep8_cond_l3,0.10349442379182155
T1,m4_fep8_cond_l4,0.10178156467854377
T1,m4_fep9_uncond,0.09978159448946096
T1,m4_fep9_cond_l1,0.12255700325732899
T1,m4_fep9_cond_l2,0.10376958915713681
T1,m4_fep9_cond_l3,0.10499037464830446
T1,m4_fep9_cond_l4,0.1027906976744186
T1,m4_fep10_uncond,0.10133240284831802
T1,m4_fep10_cond_l1,0.14013245033112584
T1,m4_fep10_cond_l2,0.10820484581497797
T1,m4_fep10_cond_l3,0.11488626547653326
T1,m4_fep10_cond_l4,0.10729806683650532
T3,d1_ret,0.11174124358563281
T3,d1_beta_ols,1.3197347223514857
T3,d1_beta_sw,1.352610686952145
T3,d2_ret,0.08985542056993259
T3,d2_beta_ols,1.3255309059446734
T3,d2_beta_sw,1.295199822475106
T3,d3_ret,0.07666373346698058
T3,d3_beta_ols,1.3313815027074438
T3,d3_beta_sw,1.2600884893913276
T3,d4_ret,0.06935536439242243
T3,d4_beta_ols,1.2787405265859444
T3,d4_beta_sw,1.212049028482937
T3,d5_ret,0.06296367694301298
T3,d5_beta_ols,1.2225967789615666
T3,d5_beta_sw,1.1573992339963568
T3,d6_ret,0.05748445915308388
T3,d6_beta_ols,1.180954580206211
T3,d6_beta_sw,1.0788134262687685
T3,d7_ret,0.05101786621586956
T3,d7_beta_ols,1.1665402055476068
T3,d7_beta_sw,1.0603972405451034
T3,d8_ret,0.04859839728872439
T3,d8_beta_ols,1.1032581245824096
T3,d8_beta_sw,1.0138135152164276
T3,d9_ret,0.033945355914340856
T3,d9_beta_ols,1.0857174152848232
T3,d9_beta_sw,0.9687081260849661
T3,d10_ret,0.023418778860099895
T3,d10_beta_ols,1.0633835309626611
T3,d10_beta_sw,0.9055276720284455
T4,m1_fep1_m1_0,-1.8524228139270535
T4,m2_fep1_m1_0,-1.5087929431975984
T4,m3_fep1_m1_0,-7.341732590530343
T4,m4_fep1_m1_0,-1.8917235762465252
T4,m1_fep1_m60_0,-5.7018024079404945
T4,m2_fep1_m60_0,-4.2646290280014005
T4,m3_fep1_m60_0,-7.129527695840701
T4,m4_fep1_m60_0,-23.100961466569206
T4,m1_fep1_p1_60,-2.284723497338256
T4,m2_fep1_p1_60,-1.3434933904257915
T4,m3_fep1_p1_60,-0.9000429142414772
T4,m4_fep1_p1_60,-0.3950811161510954
T4,m1_fep2_m1_0,-1.2040614120804847
T4,m2_fep2_m1_0,-0.9775468373574804
T4,m3_fep2_m1_0,-3.9311157821927964
T4,m4_fep2_m1_0,-1.055243587961944
T4,m1_fep2_m60_0,-3.518993167398696
T4,m2_fep2_m60_0,-3.1201790563839924
T4,m3_fep2_m60_0,-3.4592186543506367
T4,m4_fep2_m60_0,-15.577499988356463
T4,m1_fep2_p1_60,-1.5701182844649768
T4,m2_fep2_p1_60,-1.7027762498141537
T4,m3_fep2_p1_60,-0.24841174328799528
T4,m4_fep2_p1_60,-0.44577585828978533
T4,m1_fep3_m1_0,-0.584326701442533
T4,m2_fep3_m1_0,-0.7928375198276065
T4,m3_fep3_m1_0,-2.5167222924149204
T4,m4_fep3_m1_0,-0.642688183928185
T4,m1_fep3_m60_0,-1.474612482982915
T4,m2_fep3_m60_0,-2.277544169291093
T4,m3_fep3_m60_0,-1.8228575020000453
T4,m4_fep3_m60_0,-11.025941738733708
T4,m1_fep3_p1_60,-1.429781421506803
T4,m2_fep3_p1_60,-1.0823864438371176
T4,m3_fep3_p1_60,-0.49013725895896654
T4,m4_fep3_p1_60,0.18085606194292395
T4,m1_fep4_m1_0,-0.22023544971223513
T4,m2_fep4_m1_0,-0.41624442517112625
T4,m3_fep4_m1_0,-1.3332658302669276
T4,m4_fep4_m1_0,-0.29454265969551974
T4,m1_fep4_m60_0,-0.7759998509524265
T4,m2_fep4_m60_0,-0.8817631026065587
T4,m3_fep4_m60_0,-0.930473942344205
T4,m4_fep4_m60_0,-7.076260047309988
T4,m1_fep4_p1_60,-0.6154162878337573
T4,m2_fep4_p1_60,-0.7980077273402284
T4,m3_fep4_p1_60,-0.6724560790235214
T4,m4_fep4_p1_60,0.05026123378566168
T4,m1_fep5_m1_0,0.1327471894948635
T4,m2_fep5_m1_0,-0.0065253440324070395
T4,m3_fep5_m1_0,-0.41880820129727425
T4,m4_fep5_m1_0,0.13004316724441461
T4,m1_fep5_m60_0,-0.04145062299439719
T4,m2_fep5_m60_0,0.13448580972661256
T4,m3_fep5_m60_0,-0.3420618813437481
T4,m4_fep5_m60_0,-2.9991717616216813
T4,m1_fep5_p1_60,-0.4706527889269407
T4,m2_fep5_p1_60,-0.13882843049146473
T4,m3_fep5_p1_60,0.007959372219581524
T4,m4_fep5_p1_60,0.1597257845392205
T4,m1_fep6_m1_0,0.46491003928378505
T4,m2_fep6_m1_0,0.40171813347208835
T4,m3_fep6_m1_0,0.4728687902071014
T4,m4_fep6_m1_0,0.45695867296157416
T4,m1_fep6_m60_0,0.8700006649976401
T4,m2_fep6_m60_0,1.0225570342718453
T4,m3_fep6_m60_0,0.7132643751885137
T4,m4_fep6_m60_0,1.1700645221746246
T4,m1_fep6_p1_60,-0.08716913628882599
T4,m2_fep6_p1_60,0.3922995326051513
T4,m3_fep6_p1_60,-0.40345765398385436
T4,m4_fep6_p1_60,0.12445580160269708
T4,m1_fep7_m1_0,0.8793410587412845
T4,m2_fep7_m1_0,0.8255880553622074
T4,m3_fep7_m1_0,1.4449610543723663
T4,m4_fep7_m1_0,0.7698044482923848
T4,m1_fep7_m60_0,1.812367846515093
T4,m2_fep7_m60_0,1.8493278143235463
T4,m3_fep7_m60_0,1.3806768689492048
T4,m4_fep7_m60_0,5.469371895400845
T4,m1_fep7_p1_60,0.49103249818672373
T4,m2_fep7_p1_60,0.3109355975304495
T4,m3_fep7_p1_60,-0.3797102718484021
T4,m4_fep7_p1_60,-0.8738484710683092
T4,m1_fep8_m1_0,1.3836865719615414
T4,m2_fep8_m1_0,1.1773821572415248
T4,m3_fep8_m1_0,2.6381200144607138
T4,m4_fep8_m1_0,1.1578176281937793
T4,m1_fep8_m60_0,3.1238045210490926
T4,m2_fep8_m60_0,2.4553070500987464
T4,m3_fep8_m60_0,2.17263844637091
T4,m4_fep8_m60_0,10.131433839822531
T4,m1_fep8_p1_60,1.2811728147606933
T4,m2_fep8_p1_60,0.9158992594351769
T4,m3_fep8_p1_60,-0.2641330749052981
T4,m4_fep8_p1_60,-0.1862080635199232
T4,m1_fep9_m1_0,1.9615845075569789
T4,m2_fep9_m1_0,1.404040335509044
T4,m3_fep9_m1_0,4.335310700702467
T4,m4_fep9_m1_0,1.532712851734804
T4,m1_fep9_m60_0,4.395614531178276
T4,m2_fep9_m60_0,3.282320297111662
T4,m3_fep9_m60_0,3.66489531490415
T4,m4_fep9_m60_0,15.845945542533915
T4,m1_fep9_p1_60,1.7515058937668921
T4,m2_fep9_p1_60,1.434115574005653
T4,m3_fep9_p1_60,0.5053065604328429
T4,m4_fep9_p1_60,-0.07676903412783921
T4,m1_fep10_m1_0,1.3674819196645567
T4,m2_fep10_m1_0,1.9547583844714242
T4,m3_fep10_m1_0,9.030609441458209
T4,m4_fep10_m1_0,2.0696895751843463
T4,m1_fep10_m60_0,3.309886834466411
T4,m2_fep10_m60_0,4.540250274469123
T4,m3_fep10_m60_0,7.04605887599624
T4,m4_fep10_m60_0,28.170198170109305
T4,m1_fep10_p1_60,1.2233241543467432
T4,m2_fep10_p1_60,1.786741680181459
T4,m3_fep10_p1_60,0.5000460053214811
T4,m4_fep10_p1_60,-0.9252531488131868
T6,m2_fep1_q1_m1_0,-2.3359076197801265
T6,m2_fep1_q2_m1_0,-1.413963711236638
T6,m2_fep1_q3_m1_0,-1.1599183170763911
T6,m2_fep1_q4_m1_0,-0.9356122215371618
T6,m2_fep1_q5_m1_0,-0.5031969704228121
T6,m2_fep1_q1_m60_0,-6.237675223106295
T6,m2_fep1_q2_m60_0,-4.930160345550401
T6,m2_fep1_q3_m60_0,-3.259039923409172
T6,m2_fep1_q4_m60_0,-2.519407014800867
T6,m2_fep1_q5_m60_0,-1.4168295907203716
T6,m2_fep1_q1_p1_60,-1.8452461814192522
T6,m2_fep1_q2_p1_60,-1.5680830606900076
T6,m2_fep1_q3_p1_60,-1.3785935397020415
T6,m2_fep1_q4_p1_60,-1.2145986403391762
T6,m2_fep1_q5_p1_60,0.12563435821079932
T6,m2_fep2_q1_m1_0,-1.3336536470209839
T6,m2_fep2_q2_m1_0,-1.1601590996920863
T6,m2_fep2_q3_m1_0,-0.7098228829255182
T6,m2_fep2_q4_m1_0,-0.6080511427055529
T6,m2_fep2_q5_m1_0,-0.5528858763494462
T6,m2_fep2_q1_m60_0,-3.5462683691032635
T6,m2_fep2_q2_m60_0,-4.106023049326537
T6,m2_fep2_q3_m60_0,-3.1648115382129984
T6,m2_fep2_q4_m60_0,-2.4105902688901617
T6,m2_fep2_q5_m60_0,-1.6247492113203719
T6,m2_fep2_q1_p1_60,-2.5739588715873483
T6,m2_fep2_q2_p1_60,-1.4345539600619897
T6,m2_fep2_q3_p1_60,-1.5677623190232866
T6,m2_fep2_q4_p1_60,-1.0891617057356673
T6,m2_fep2_q5_p1_60,-0.6370648375747638
T6,m2_fep3_q1_m1_0,-1.0171266861319943
T6,m2_fep3_q2_m1_0,-0.8879122430325461
T6,m2_fep3_q3_m1_0,-0.7449018344709578
T6,m2_fep3_q4_m1_0,-0.38716756439853767
T6,m2_fep3_q5_m1_0,-0.5665905094589457
T6,m2_fep3_q1_m60_0,-3.0344260460324133
T6,m2_fep3_q2_m60_0,-2.747897840122783
T6,m2_fep3_q3_m60_0,-2.004697219991288
T6,m2_fep3_q4_m60_0,-1.2508484289713895
T6,m2_fep3_q5_m60_0,-1.1071129577616527
T6,m2_fep3_q1_p1_60,-1.147142855322398
T6,m2_fep3_q2_p1_60,-1.5092792313315462
T6,m2_fep3_q3_p1_60,-0.9007103214003241
T6,m2_fep3_q4_p1_60,-1.339663357363798
T6,m2_fep3_q5_p1_60,-0.34598287748731954
T6,m2_fep4_q1_m1_0,-0.5274788207188845
T6,m2_fep4_q2_m1_0,-0.46897070899725357
T6,m2_fep4_q3_m1_0,-0.32359561147015575
T6,m2_fep4_q4_m1_0,-0.28428622946353127
T6,m2_fep4_q5_m1_0,-0.27526684324841577
T6,m2_fep4_q1_m60_0,-0.7751695300204858
T6,m2_fep4_q2_m60_0,-1.7582836692863608
T6,m2_fep4_q3_m60_0,-0.6451445248967564
T6,m2_fep4_q4_m60_0,-0.6528232569813939
T6,m2_fep4_q5_m60_0,-0.6717274271081529
T6,m2_fep4_q1_p1_60,-1.213008734726493
T6,m2_fep4_q2_p1_60,-0.4039535700402319
T6,m2_fep4_q3_p1_60,-0.7426663961829121
T6,m2_fep4_q4_p1_60,-0.28379705568520885
T6,m2_fep4_q5_p1_60,-0.645835727145806
T6,m2_fep5_q1_m1_0,0.1181429641476615
T6,m2_fep5_q2_m1_0,-0.17038421053732788
T6,m2_fep5_q3_m1_0,-0.16343676248420186
T6,m2_fep5_q4_m1_0,-0.08125467809910358
T6,m2_fep5_q5_m1_0,0.03363524851650197
T6,m2_fep5_q1_m60_0,0.6165125242124165
T6,m2_fep5_q2_m60_0,-0.43578429824419435
T6,m2_fep5_q3_m60_0,-0.13627833871383116
T6,m2_fep5_q4_m60_0,0.18482988806335807
T6,m2_fep5_q5_m60_0,-0.48276638914664766
T6,m2_fep5_q1_p1_60,0.316427263303038
T6,m2_fep5_q2_p1_60,-0.06734711705831128
T6,m2_fep5_q3_p1_60,-0.8391247919320438
T6,m2_fep5_q4_p1_60,-0.6703005637894734
T6,m2_fep5_q5_p1_60,-0.4521347722818112
T6,m2_fep6_q1_m1_0,0.6212306605107359
T6,m2_fep6_q2_m1_0,0.3249919900864253
T6,m2_fep6_q3_m1_0,0.24170943245700832
T6,m2_fep6_q4_m1_0,0.2763708553757291
T6,m2_fep6_q5_m1_0,0.15196781466220557
T6,m2_fep6_q1_m60_0,2.1186023865837975
T6,m2_fep6_q2_m60_0,0.9177108098576187
T6,m2_fep6_q3_m60_0,-0.08769356020385588
T6,m2_fep6_q4_m60_0,0.4055581379219014
T6,m2_fep6_q5_m60_0,-0.24810847215328563
T6,m2_fep6_q1_p1_60,1.2959780009994952
T6,m2_fep6_q2_p1_60,0.21580686442902036
T6,m2_fep6_q3_p1_60,-0.6234821833224087
T6,m2_fep6_q4_p1_60,-0.3622329180041234
T6,m2_fep6_q5_p1_60,-0.19597239197471444
T6,m4_fep1_q1_m1_0,-2.66353639056349
T6,m4_fep1_q2_m1_0,-2.2295527001894495
T6,m4_fep1_q3_m1_0,-1.5633758138998668
T6,m4_fep1_q4_m1_0,-1.2356224928042252
T6,m4_fep1_q5_m1_0,-1.000435309409044
T6,m4_fep1_q1_m60_0,-28.761349085986737
T6,m4_fep1_q2_m60_0,-23.658616824868307
T6,m4_fep1_q3_m60_0,-21.024728658458976
T6,m4_fep1_q4_m60_0,-19.494295338335927
T6,m4_fep1_q5_m60_0,-17.237219429850608
T6,m4_fep1_q1_p1_60,-0.7832911403798715
T6,m4_fep1_q2_p1_60,-1.0667310490159805
T6,m4_fep1_q3_p1_60,-0.09157119283919542
T6,m4_fep1_q4_p1_60,-0.6365878497093904
T6,m4_fep1_q5_p1_60,0.9918448266795816
T6,m4_fep2_q1_m1_0,-1.5561706352783675
T6,m4_fep2_q2_m1_0,-1.024589566628173
T6,m4_fep2_q3_m1_0,-0.8500184313728975
T6,m4_fep2_q4_m1_0,-0.596965919198369
T6,m4_fep2_q5_m1_0,-0.4188169173534849
T6,m4_fep2_q1_m60_0,-19.799837378293432
T6,m4_fep2_q2_m60_0,-15.048869487896663
T6,m4_fep2_q3_m60_0,-13.40272935600601
T6,m4_fep2_q4_m60_0,-12.49185489087906
T6,m4_fep2_q5_m60_0,-10.281242580410794
T6,m4_fep2_q1_p1_60,-0.5728371143007903
T6,m4_fep2_q2_p1_60,-1.0092561396871764
T6,m4_fep2_q3_p1_60,-0.33268382155463505
T6,m4_fep2_q4_p1_60,0.021384021552921316
T6,m4_fep2_q5_p1_60,0.0272157933323917
T6,m4_fep3_q1_m1_0,-0.880828977886467
T6,m4_fep3_q2_m1_0,-0.7003326855615745
T6,m4_fep3_q3_m1_0,-0.4695907406205448
T6,m4_fep3_q4_m1_0,-0.4248646808880968
T6,m4_fep3_q5_m1_0,-0.2509909778770596
T6,m4_fep3_q1_m60_0,-14.317948311751108
T6,m4_fep3_q2_m60_0,-10.509487402512597
T6,m4_fep3_q3_m60_0,-9.162427191953517
T6,m4_fep3_q4_m60_0,-8.04640409446637
T6,m4_fep3_q5_m60_0,-6.792774343069839
T6,m4_fep3_q1_p1_60,0.5784227755527146
T6,m4_fep3_q2_p1_60,0.1779625182267733
T6,m4_fep3_q3_p1_60,-0.34806972273136044
T6,m4_fep3_q4_p1_60,0.12456547452044463
T6,m4_fep3_q5_p1_60,-0.3582577792229714
T6,m4_fep4_q1_m1_0,-0.5127859110072608
T6,m4_fep4_q2_m1_0,-0.2316361247854849
T6,m4_fep4_q3_m1_0,-0.12645132134256792
T6,m4_fep4_q4_m1_0,-0.06813763932050398
T6,m4_fep4_q5_m1_0,-0.027258446145155157
T6,m4_fep4_q1_m60_0,-9.2287949486824
T6,m4_fep4_q2_m60_0,-6.540615959830755
T6,m4_fep4_q3_m60_0,-5.5258870279330425
T6,m4_fep4_q4_m60_0,-4.9006316491328885
T6,m4_fep4_q5_m60_0,-4.1122887034000914
T6,m4_fep4_q1_p1_60,0.6353532570218607
T6,m4_fep4_q2_p1_60,-0.7039755658214161
T6,m4_fep4_q3_p1_60,-0.707242560438516
T6,m4_fep4_q4_p1_60,-0.19547652482729017
T6,m4_fep4_q5_p1_60,0.157465683914085
T6,m4_fep5_q1_m1_0,0.1374446897393833
T6,m4_fep5_q2_m1_0,0.1850402089435428
T6,m4_fep5_q3_m1_0,0.20853047532949395
T6,m4_fep5_q4_m1_0,0.11354264754748195
T6,m4_fep5_q5_m1_0,-0.05640551699350086
T6,m4_fep5_q1_m60_0,-3.99067722865392
T6,m4_fep5_q2_m60_0,-2.591630879624398
T6,m4_fep5_q3_m60_0,-2.4089764380765275
T6,m4_fep5_q4_m60_0,-2.0387896341853113
T6,m4_fep5_q5_m60_0,-1.6148439263031407
T6,m4_fep5_q1_p1_60,1.1921935325362814
T6,m4_fep5_q2_p1_60,-0.7887394621589423
T6,m4_fep5_q3_p1_60,-1.1063136358026966
T6,m4_fep5_q4_p1_60,-0.6353939050045775
T6,m4_fep5_q5_p1_60,0.04943764922976894
T6,m4_fep6_q1_m1_0,0.6996606983790064
T6,m4_fep6_q2_m1_0,0.5160381767294318
T6,m4_fep6_q3_m1_0,0.3183090678438194
T6,m4_fep6_q4_m1_0,0.05237315528545909
T6,m4_fep6_q5_m1_0,0.08101125948974172
T6,m4_fep6_q1_m60_0,1.5376263594179678
T6,m4_fep6_q2_m60_0,1.0224533753526341
T6,m4_fep6_q3_m60_0,0.9081932967502706
T6,m4_fep6_q4_m60_0,0.8062778811592474
T6,m4_fep6_q5_m60_0,0.7154823980281256
T6,m4_fep6_q1_p1_60,0.5462179084606582
T6,m4_fep6_q2_p1_60,0.03490863457176691
T6,m4_fep6_q3_p1_60,-0.39908184998247337
T6,m4_fep6_q4_p1_60,0.13665594216511145
T6,m4_fep6_q5_p1_60,-0.7143770255994327
T6,m4_fep7_q1_m1_0,1.310498305535906
T6,m4_fep7_q2_m1_0,0.6393338770136887
T6,m4_fep7_q3_m1_0,0.2747633054679011
T6,m4_fep7_q4_m1_0,0.32662628843597685
T6,m4_fep7_q5_m1_0,0.1924325991779837
T6,m4_fep7_q1_m60_0,7.343860639044938
T6,m4_fep7_q2_m60_0,4.8659109837631265
T6,m4_fep7_q3_m60_0,4.3244244117100195
T6,m4_fep7_q4_m60_0,3.7885883681968284
T6,m4_fep7_q5_m60_0,3.1178144247430684
T6,m4_fep7_q1_p1_60,-0.6346854105414762
T6,m4_fep7_q2_p1_60,-0.6249832476315326
T6,m4_fep7_q3_p1_60,-1.2226749096566787
T6,m4_fep7_q4_p1_60,-1.5566840183651436
T6,m4_fep7_q5_p1_60,-0.8251416677684404
T6,m4_fep8_q1_m1_0,1.906108802171343
T6,m4_fep8_q2_m1_0,0.7696357578594389
T6,m4_fep8_q3_m1_0,0.7791138920796354
T6,m4_fep8_q4_m1_0,0.6790911925614831
T6,m4_fep8_q5_m1_0,0.2882908555430643
T6,m4_fep8_q1_m60_0,13.76481693705191
T6,m4_fep8_q2_m60_0,9.105763029897734
T6,m4_fep8_q3_m60_0,8.061782825980906
T6,m4_fep8_q4_m60_0,7.12539146087092
T6,m4_fep8_q5_m60_0,5.849684533503221
T6,m4_fep8_q1_p1_60,-0.24459137493316216
T6,m4_fep8_q2_p1_60,-0.40982734323584846
T6,m4_fep8_q3_p1_60,0.0839555923436545
T6,m4_fep8_q4_p1_60,-0.11114293187877565
T6,m4_fep8_q5_p1_60,-0.12893180054906636
T6,m4_fep9_q1_m1_0,2.628881478800169
T6,m4_fep9_q2_m1_0,1.2766027287924067
T6,m4_fep9_q3_m1_0,1.0222063025258925
T6,m4_fep9_q4_m1_0,0.7467270106240244
T6,m4_fep9_q5_m1_0,0.4584242907160441
T6,m4_fep9_q1_m60_0,21.74233463402562
T6,m4_fep9_q2_m60_0,14.958060680971395
T6,m4_fep9_q3_m60_0,12.731678499916747
T6,m4_fep9_q4_m60_0,11.82600304819673
T6,m4_fep9_q5_m60_0,9.699151014982075
T6,m4_fep9_q1_p1_60,-0.46271069585495206
T6,m4_fep9_q2_p1_60,0.6995782381886213
T6,m4_fep9_q3_p1_60,-0.2317201576609686
T6,m4_fep9_q4_p1_60,-0.3299348646845436
T6,m4_fep9_q5_p1_60,0.4204011299362209
T6,m4_fep10_q1_m1_0,3.2544645045453837
T6,m4_fep10_q2_m1_0,1.7258396767500752
T6,m4_fep10_q3_m1_0,1.602684219385572
T6,m4_fep10_q4_m1_0,1.2706763162459667
T6,m4_fep10_q5_m1_0,1.1040286758072595
T6,m4_fep10_q1_m60_0,37.95870955764647
T6,m4_fep10_q2_m60_0,27.584181579567602
T6,m4_fep10_q3_m60_0,24.277425928577575
T6,m4_fep10_q4_m60_0,21.708188232842986
T6,m4_fep10_q5_m60_0,17.833976789234534
T6,m4_fep10_q1_p1_60,-2.1628315892843037
T6,m4_fep10_q2_p1_60,-0.17064713153847993
T6,m4_fep10_q3_p1_60,-0.39646463726128905
T6,m4_fep10_q4_p1_60,-0.326004458750335
T6,m4_fep10_q5_p1_60,-0.14667928727408275
T6,m2_fep7_q1_p1_60,0.9994962775013108
T6,m2_fep8_q1_p1_60,1.651278455959203
T6,m2_fep9_q1_p1_60,2.107175544596205
T6,m2_fep10_q1_p1_60,2.500271033874149
T7,m1_m1_0_fep_alpha,-1.58642420090916
T7,m1_m1_0_fep_t_alpha,-9.953068313992308
T7,m1_m1_0_fep_b1,0.31222640296744586
T7,m1_m1_0_fep_t_b1,12.154515421895331
T7,m1_m1_0_fep_adj_r2,0.7496580087523192
T7,m1_m1_0_fsq_alpha,1.7141812081242318
T7,m1_m1_0_fsq_t_alpha,8.896898807311715
T7,m1_m1_0_fsq_b2,-0.28788367140226173
T7,m1_m1_0_fsq_t_b2,-9.27105843797412
T7,m1_m1_0_fsq_adj_r2,0.6341987569041239
T7,m1_m1_0_both_alpha,-0.42145470697332255
T7,m1_m1_0_both_t_alpha,-1.1271908861561193
T7,m1_m1_0_both_b1,0.22092785328595374
T7,m1_m1_0_both_t_b1,6.192900013206225
T7,m1_m1_0_both_b2,-0.12051408557956943
T7,m1_m1_0_both_t_b2,-3.3781692578674165
T7,m1_m1_0_both_adj_r2,0.7942818270992291
T7,m1_m60_0_fep_alpha,-4.872795439019841
T7,m1_m60_0_fep_t_alpha,-12.15746085010621
T7,m1_m60_0_fep_b1,0.8798933302946536
T7,m1_m60_0_fep_t_b1,13.621504875584952
T7,m1_m60_0_fep_adj_r2,0.790190682269108
T7,m1_m60_0_fsq_alpha,4.1161854275604846
T7,m1_m60_0_fsq_t_alpha,7.21952293362019
T7,m1_m60_0_fsq_b2,-0.7544668272654055
T7,m1_m60_0_fsq_t_b2,-8.210773718851595
T7,m1_m60_0_fsq_adj_r2,0.5754517726114503
T7,m1_m60_0_both_alpha,-2.8789959098753113
T7,m1_m60_0_both_t_alpha,-2.880123303366598
T7,m1_m60_0_both_b1,0.7236394487002544
T7,m1_m60_0_both_t_b1,7.587335753650685
T7,m1_m60_0_both_b2,-0.20625512370460652
T7,m1_m60_0_both_t_b2,-2.162578169651209
T7,m1_m60_0_both_adj_r2,0.8051183877828696
T7,m1_p1_60_fep_alpha,-2.2353819189192583
T7,m1_p1_60_fep_t_alpha,-11.433944725612003
T7,m1_p1_60_fep_b1,0.3659065391258686
T7,m1_p1_60_fep_t_b1,11.613012412163611
T7,m1_p1_60_fep_adj_r2,0.7320384516750061
T7,m1_p1_60_fsq_alpha,1.6051196421204856
T7,m1_p1_60_fsq_t_alpha,6.72271099210469
T7,m1_p1_60_fsq_b2,-0.3323664719722667
T7,m1_p1_60_fsq_t_b2,-8.637431257875459
T7,m1_p1_60_fsq_adj_r2,0.600343276528063
T7,m1_p1_60_both_alpha,-0.983836227274324
T7,m1_p1_60_both_t_alpha,-2.08705194143831
T7,m1_p1_60_both_b1,0.26782302097187666
T7,m1_p1_60_both_t_b1,5.954638312240676
T7,m1_p1_60_both_b2,-0.12947024396326912
T7,m1_p1_60_both_t_b2,-2.8785743368931107
T7,m1_p1_60_both_adj_r2,0.7673532165981888
T7,m2_m1_0_fep_alpha,-1.5823493872029142
T7,m2_m1_0_fep_t_alpha,-10.858179396354783
T7,m2_m1_0_fep_b1,0.3122423548137849
T7,m2_m1_0_fep_t_b1,13.29464692059699
T7,m2_m1_0_fep_adj_r2,0.7819776852383199
T7,m2_m1_0_fsq_alpha,1.7840040443011898
T7,m2_m1_0_fsq_t_alpha,10.790485499313927
T7,m2_m1_0_fsq_b2,-0.2998219054596885
T7,m2_m1_0_fsq_t_b2,-11.252237120020093
T7,m2_m1_0_fsq_adj_r2,0.7193791708420275
T7,m2_m1_0_both_alpha,-0.14680538044815603
T7,m2_m1_0_both_t_alpha,-0.4796093898883289
T7,m2_m1_0_both_b1,0.19973890600855287
T7,m2_m1_0_both_t_b1,6.83920161680934
T7,m2_m1_0_both_b2,-0.14850455242290597
T7,m2_m1_0_both_t_b2,-5.0849010607417435
T7,m2_m1_0_both_adj_r2,0.8563599472868184
T7,m2_m60_0_fep_alpha,-4.410939564821467
T7,m2_m60_0_fep_t_alpha,-12.421415009798014
T7,m2_m60_0_fep_b1,0.8177846616053395
T7,m2_m60_0_fep_t_b1,14.289245246936503
T7,m2_m60_0_fep_adj_r2,0.8056962944537595
T7,m2_m60_0_fsq_alpha,4.24468343398326
T7,m2_m60_0_fsq_t_alpha,9.394776730695293
T7,m2_m60_0_fsq_b2,-0.7559649745409746
T7,m2_m60_0_fsq_t_b2,-10.381812857366551
T7,m2_m60_0_fsq_adj_r2,0.685457960593641
T7,m2_m60_0_both_alpha,-1.3156580762648769
T7,m2_m60_0_both_t_alpha,-1.6671741679143246
T7,m2_m60_0_both_b1,0.5752077424394622
T7,m2_m60_0_both_t_b1,7.639407823510028
T7,m2_m60_0_both_b2,-0.3202015332989577
T7,m2_m60_0_both_t_b2,-4.252637643940283
T7,m2_m60_0_both_adj_r2,0.8567014160412876
T7,m2_p1_60_fep_alpha,-1.9362654349909159
T7,m2_p1_60_fep_t_alpha,-10.705426924707396
T7,m2_p1_60_fep_b1,0.3336353602298452
T7,m2_p1_60_fep_t_b1,11.44567832896192
T7,m2_p1_60_fep_adj_r2,0.726262415799722
T7,m2_p1_60_fsq_alpha,1.62495161165755
T7,m2_p1_60_fsq_t_alpha,7.837668321614057
T7,m2_p1_60_fsq_b2,-0.3138586482516942
T7,m2_p1_60_fsq_t_b2,-9.393142536813745
T7,m2_p1_60_fsq_adj_r2,0.6403171493852038
T7,m2_p1_60_both_alpha,-0.549955106731069
T7,m2_p1_60_both_t_alpha,-1.3121981704468177
T7,m2_p1_60_both_b1,0.22499035017813288
T7,m2_p1_60_both_t_b1,5.62643253745798
T7,m2_p1_60_both_b2,-0.14341141326826004
T7,m2_p1_60_both_t_b2,-3.5863522200686564
T7,m2_p1_60_both_adj_r2,0.7805048092586865
T7,m3_m1_0_fep_alpha,-6.855883420967517
T7,m3_m1_0_fep_t_alpha,-15.167395638119885
T7,m3_m1_0_fep_b1,1.2769226549011543
T7,m3_m1_0_fep_t_b1,17.52841101421289
T7,m3_m1_0_fep_adj_r2,0.8620670989805626
T7,m3_m1_0_fsq_alpha,5.826759281150136
T7,m3_m1_0_fsq_t_alpha,7.1568627412939065
T7,m3_m1_0_fsq_b2,-1.0290123818475096
T7,m3_m1_0_fsq_t_b2,-7.842356430209477
T7,m3_m1_0_fsq_adj_r2,0.552521854141842
T7,m3_m1_0_both_alpha,-5.457273138915721
T7,m3_m1_0_both_t_alpha,-4.699693334141345
T7,m3_m1_0_both_b1,1.1673136986275021
T7,m3_m1_0_both_t_b1,10.536065134012482
T7,m3_m1_0_both_b2,-0.14468382228122048
T7,m3_m1_0_both_t_b2,-1.3059027553477478
T7,m3_m1_0_both_adj_r2,0.864064730093696
T7,m3_m60_0_fep_alpha,-6.1316350170467615
T7,m3_m60_0_fep_t_alpha,-14.635496004280364
T7,m3_m60_0_fep_b1,1.1075974855029032
T7,m3_m60_0_fep_t_b1,16.403762606600093
T7,m3_m60_0_fep_adj_r2,0.8454665374264961
T7,m3_m60_0_fsq_alpha,4.858324424295389
T7,m3_m60_0_fsq_t_alpha,6.7157259907608085
T7,m3_m60_0_fsq_b2,-0.8905769583774877
T7,m3_m60_0_fsq_t_b2,-7.6385033799069255
T7,m3_m60_0_fsq_adj_r2,0.5392430194136815
T7,m3_m60_0_both_alpha,-4.963502055938644
T7,m3_m60_0_both_t_alpha,-4.596099049966571
T7,m3_m60_0_both_b1,1.0160510151966236
T7,m3_m60_0_both_t_b1,9.860835708247112
T7,m3_m60_0_both_b2,-0.120841340804288
T7,m3_m60_0_both_t_b2,-1.172772420491886
T7,m3_m60_0_both_adj_r2,0.8466657237530113
T7,m3_p1_60_fep_alpha,-0.9441680659757016
T7,m3_p1_60_fep_t_alpha,-6.608058243809962
T7,m3_p1_60_fep_b1,0.12420868969999428
T7,m3_p1_60_fep_t_b1,5.393949794959208
T7,m3_p1_60_fep_adj_r2,0.3644180006502198
T7,m3_p1_60_fsq_alpha,0.15704763481238043
T7,m3_p1_60_fsq_t_alpha,0.9359502595332004
T7,m3_p1_60_fsq_b2,-0.0760123468069297
T7,m3_p1_60_fsq_t_b2,-2.8108383794008502
T7,m3_p1_60_fsq_adj_r2,0.1234474437748263
T7,m3_p1_60_both_alpha,-1.3544748020121373
T7,m3_p1_60_both_t_alpha,-3.680882814762644
T7,m3_p1_60_both_b1,0.1563643900163293
T7,m3_p1_60_both_t_b1,4.453648644415055
T7,m3_p1_60_both_b2,0.04244552441756222
T7,m3_p1_60_both_t_b2,1.2089546236455806
T7,m3_p1_60_both_adj_r2,0.3704715888958485
T7,m4_m1_0_fep_alpha,-1.718806548052872
T7,m4_m1_0_fep_t_alpha,-10.864981695696345
T7,m4_m1_0_fep_b1,0.3404376024103439
T7,m4_m1_0_fep_t_b1,13.352724468403887
T7,m4_m1_0_fep_adj_r2,0.7834687213181696
T7,m4_m1_0_fsq_alpha,1.8449982706401775
T7,m4_m1_0_fsq_t_alpha,8.98869905666514
T7,m4_m1_0_fsq_b2,-0.3075269100793014
T7,m4_m1_0_fsq_t_b2,-9.296390674651972
T7,m4_m1_0_fsq_adj_r2,0.635478720924251
T7,m4_m1_0_both_alpha,-0.5930610670565053
T7,m4_m1_0_both_t_alpha,-1.5881171747790344
T7,m4_m1_0_both_b1,0.25221303493413955
T7,m4_m1_0_both_t_b1,7.078605211043258
T7,m4_m1_0_both_b2,-0.11645642906858962
T7,m4_m1_0_both_t_b2,-3.268463447496561
T7,m4_m1_0_both_adj_r2,0.8198164483767888
T7,m4_m60_0_fep_alpha,-25.28839851259281
T7,m4_m60_0_fep_t_alpha,-20.076042907772347
T7,m4_m60_0_fep_b1,4.59670831182004
T7,m4_m60_0_fep_t_b1,22.64300691788239
T7,m4_m60_0_fep_adj_r2,0.9126101365527877
T7,m4_m60_0_fsq_alpha,20.662082184218274
T7,m4_m60_0_fsq_t_alpha,7.696320979814028
T7,m4_m60_0_fsq_b2,-3.7579245421456124
T7,m4_m60_0_fsq_t_b2,-8.685353663540052
T7,m4_m60_0_fsq_adj_r2,0.603031119115852
T7,m4_m60_0_both_alpha,-19.036409572071125
T7,m4_m60_0_both_t_alpha,-6.058299784872612
T7,m4_m60_0_both_b1,4.106740526512695
T7,m4_m60_0_both_t_b1,13.69809012273862
T7,m4_m60_0_both_b2,-0.6467574766056922
T7,m4_m60_0_both_t_b2,-2.1572685551728394
T7,m4_m60_0_both_adj_r2,0.9187917863404116
T7,m4_p1_60_fep_alpha,-0.17784206616002393
T7,m4_p1_60_fep_t_alpha,-0.9341489690856921
T7,m4_p1_60_fep_b1,-0.020603183926224563
T7,m4_p1_60_fep_t_b1,-0.6715005114878269
T7,m4_p1_60_fep_adj_r2,-0.01133285277382412
T7,m4_p1_60_fsq_alpha,-0.41380867725528414
T7,m4_p1_60_fsq_t_alpha,-2.175360894892579
T7,m4_p1_60_fsq_b2,0.022299836272913674
T7,m4_p1_60_fsq_t_b2,0.7273840324213826
T7,m4_p1_60_fsq_adj_r2,-0.009703715716502082
T7,m4_p1_60_both_alpha,-0.3296523778697684
T7,m4_p1_60_both_t_alpha,-0.6629032019022784
T7,m4_p1_60_both_b1,-0.008705824074363678
T7,m4_p1_60_both_t_b1,-0.18348510984904817
T7,m4_p1_60_both_b2,0.01570451500445633
T7,m4_p1_60_both_t_b2,0.3309904537588892
T7,m4_p1_60_both_adj_r2,-0.030448648101070175
T5,m1_fep1_s1,10.0
T5,m1_fep1_s2,7.0
T5,m1_fep1_s3,11.0
T5,m2_fep1_s1,5.0
T5,m2_fep1_s2,10.0
T5,m2_fep1_s3,10.0
T5,m3_fep1_s1,9.0
T5,m3_fep1_s2,6.0
T5,m3_fep1_s3,10.0
T5,m4_fep1_s1,6.0
T5,m4_fep1_s2,6.0
T5,m4_fep1_s3,7.0
T5,m1_fep2_s1,7.0
T5,m1_fep2_s2,8.0
T5,m1_fep2_s3,9.0
T5,m2_fep2_s1,4.0
T5,m2_fep2_s2,10.0
T5,m2_fep2_s3,10.0
T5,m3_fep2_s1,7.0
T5,m3_fep2_s2,5.0
T5,m3_fep2_s3,4.0
T5,m4_fep2_s1,7.0
T5,m4_fep2_s2,5.0
T5,m4_fep2_s3,7.0
T5,m1_fep3_s1,9.0
T5,m1_fep3_s2,9.0
T5,m1_fep3_s3,11.0
T5,m2_fep3_s1,4.0
T5,m2_fep3_s2,8.0
T5,m2_fep3_s3,10.0
T5,m3_fep3_s1,9.0
T5,m3_fep3_s2,5.0
T5,m3_fep3_s3,8.0
T5,m4_fep3_s1,6.0
T5,m4_fep3_s2,2.0
T5,m4_fep3_s3,7.0
T5,m1_fep4_s1,8.0
T5,m1_fep4_s2,4.0
T5,m1_fep4_s3,8.0
T5,m2_fep4_s1,4.0
T5,m2_fep4_s2,4.0
T5,m2_fep4_s3,9.0
T5,m3_fep4_s1,10.0
T5,m3_fep4_s2,4.0
T5,m3_fep4_s3,7.0
T5,m4_fep4_s1,7.0
T5,m4_fep4_s2,0.0
T5,m4_fep4_s3,8.0
T5,m1_fep5_s1,9.0
T5,m1_fep5_s2,3.0
T5,m1_fep5_s3,5.0
T5,m2_fep5_s1,5.0
T5,m2_fep5_s2,3.0
T5,m2_fep5_s3,6.0
T5,m3_fep5_s1,6.0
T5,m3_fep5_s2,4.0
T5,m3_fep5_s3,4.0
T5,m4_fep5_s1,7.0
T5,m4_fep5_s2,3.0
T5,m4_fep5_s3,2.0
T5,m1_fep6_s1,4.0
T5,m1_fep6_s2,4.0
T5,m1_fep6_s3,4.0
T5,m2_fep6_s1,4.0
T5,m2_fep6_s2,3.0
T5,m2_fep6_s3,5.0
T5,m3_fep6_s1,9.0
T5,m3_fep6_s2,3.0
T5,m3_fep6_s3,7.0
T5,m4_fep6_s1,8.0
T5,m4_fep6_s2,5.0
T5,m4_fep6_s3,3.0
T5,m1_fep7_s1,7.0
T5,m1_fep7_s2,3.0
T5,m1_fep7_s3,2.0
T5,m2_fep7_s1,5.0
T5,m2_fep7_s2,8.0
T5,m2_fep7_s3,2.0
T5,m3_fep7_s1,8.0
T5,m3_fep7_s2,7.0
T5,m3_fep7_s3,4.0
T5,m4_fep7_s1,9.0
T5,m4_fep7_s2,8.0
T5,m4_fep7_s3,8.0
T5,m1_fep8_s1,3.0
T5,m1_fep8_s2,1.0
T5,m1_fep8_s3,1.0
T5,m2_fep8_s1,2.0
T5,m2_fep8_s2,1.0
T5,m2_fep8_s3,3.0
T5,m3_fep8_s1,8.0
T5,m3_fep8_s2,6.0
T5,m3_fep8_s3,5.0
T5,m4_fep8_s1,8.0
T5,m4_fep8_s2,3.0
T5,m4_fep8_s3,5.0
T5,m1_fep9_s1,0.0
T5,m1_fep9_s2,1.0
T5,m1_fep9_s3,1.0
T5,m2_fep9_s1,0.0
T5,m2_fep9_s2,2.0
T5,m2_fep9_s3,0.0
T5,m3_fep9_s1,6.0
T5,m3_fep9_s2,3.0
T5,m3_fep9_s3,2.0
T5,m4_fep9_s1,7.0
T5,m4_fep9_s2,4.0
T5,m4_fep9_s3,7.0
T5,m1_fep10_s1,3.0
T5,m1_fep10_s2,1.0
T5,m1_fep10_s3,3.0
T5,m2_fep10_s1,1.0
T5,m2_fep10_s2,1.0
T5,m2_fep10_s3,2.0
T5,m3_fep10_s1,5.0
T5,m3_fep10_s2,2.0
T5,m3_fep10_s3,0.0
T5,m4_fep10_s1,9.0
T5,m4_fep10_s2,6.0
T5,m4_fep10_s3,4.0
T8,m1_fep1_m1_0,-1.85201968
T8,m2_fep1_m1_0,-1.5438819561007102
T8,m3_fep1_m1_0,-7.322566387088576
T8,m4_fep1_m1_0,-1.66311902291918
T8,m1_fep1_m60_0,-4.853270906666666
T8,m2_fep1_m60_0,-4.745129841833441
T8,m3_fep1_m60_0,-7.246762663616724
T8,m4_fep1_m60_0,-22.34426744270205
T8,m1_fep1_p1_60,-1.4859917444651907
T8,m2_fep1_p1_60,-1.7722602421307507
T8,m3_fep1_p1_60,-0.9668396034570412
T8,m4_fep1_p1_60,-1.113348715164676
T8,m1_fep2_m1_0,-1.2235281320729596
T8,m2_fep2_m1_0,-1.0239740722735373
T8,m3_fep2_m1_0,-3.9314974601529094
T8,m4_fep2_m1_0,-1.088916807511737
T8,m1_fep2_m60_0,-3.2523989215816798
T8,m2_fep2_m60_0,-3.725686760654675
T8,m3_fep2_m60_0,-3.598744136322405
T8,m4_fep2_m60_0,-15.469222494969816
T8,m1_fep2_p1_60,-1.200968362183755
T8,m2_fep2_p1_60,-2.085297893372225
T8,m3_fep2_p1_60,-0.20012117403135926
T8,m4_fep2_p1_60,-0.8525239871210089
T8,m1_fep3_m1_0,-0.6024746378755365
T8,m2_fep3_m1_0,-0.811717477154047
T8,m3_fep3_m1_0,-2.5332892829306313
T8,m4_fep3_m1_0,-0.7095537966368891
T8,m1_fep3_m60_0,-1.7409127548283263
T8,m2_fep3_m60_0,-2.7707450881201043
T8,m3_fep3_m60_0,-1.7848376201610807
T8,m4_fep3_m60_0,-11.52442653704677
T8,m1_fep3_p1_60,-1.4835898457411132
T8,m2_fep3_p1_60,-1.3668332027424093
T8,m3_fep3_p1_60,-0.443180774227072
T8,m4_fep3_p1_60,0.06809969784550719
T8,m1_fep4_m1_0,-0.23411835408022127
T8,m2_fep4_m1_0,-0.44395007332572917
T8,m3_fep4_m1_0,-1.3483153321318229
T8,m4_fep4_m1_0,-0.3203211677852349
T8,m1_fep4_m60_0,-1.408671355463347
T8,m2_fep4_m60_0,-1.4809743197001792
T8,m3_fep4_m60_0,-1.043334281668383
T8,m4_fep4_m60_0,-7.636517503355705
T8,m1_fep4_p1_60,-0.888179612724758
T8,m2_fep4_p1_60,-0.9899157894736842
T8,m3_fep4_p1_60,-0.6340033985581873
T8,m4_fep4_p1_60,0.6155187248322148
T8,m1_fep5_m1_0,0.10206358875413452
T8,m2_fep5_m1_0,-0.025844907256752363
T8,m3_fep5_m1_0,-0.4457673035004488
T8,m4_fep5_m1_0,0.039407823960880196
T8,m1_fep5_m60_0,-0.8531248484013231
T8,m2_fep5_m60_0,-0.23440790758216717
T8,m3_fep5_m60_0,-0.27253913322220796
T8,m4_fep5_m60_0,-3.6946026122764124
T8,m1_fep5_p1_60,-0.9310109303928326
T8,m2_fep5_p1_60,-0.330839687449129
T8,m3_fep5_p1_60,0.2802929835813239
T8,m4_fep5_p1_60,0.47631213642213655
T8,m1_fep6_m1_0,0.43141117458548145
T8,m2_fep6_m1_0,0.37803803851174933
T8,m3_fep6_m1_0,0.37294295047693715
T8,m4_fep6_m1_0,0.2645737637185281
T8,m1_fep6_m60_0,-0.05644161906088887
T8,m2_fep6_m60_0,0.5828511422976502
T8,m3_fep6_m60_0,0.6098915457990332
T8,m4_fep6_m60_0,0.5422036668818593
T8,m1_fep6_p1_60,-0.7005049184896196
T8,m2_fep6_p1_60,0.10771669386422986
T8,m3_fep6_p1_60,0.15448895424836606
T8,m4_fep6_p1_60,0.40021863859467843
T8,m1_fep7_m1_0,0.8441947039652363
T8,m2_fep7_m1_0,0.7913858094262295
T8,m3_fep7_m1_0,1.3617669281213836
T8,m4_fep7_m1_0,0.7319123450413223
T8,m1_fep7_m60_0,0.9936038294405215
T8,m2_fep7_m60_0,1.2827650956284153
T8,m3_fep7_m60_0,0.9900728172817282
T8,m4_fep7_m60_0,5.141678551136363
T8,m1_fep7_p1_60,0.23697691889688904
T8,m2_fep7_p1_60,0.14645391972672933
T8,m3_fep7_p1_60,-0.18935857014272847
T8,m4_fep7_p1_60,0.3344581611570249
T8,m1_fep8_m1_0,1.3812572146739133
T8,m2_fep8_m1_0,1.1529094241714095
T8,m3_fep8_m1_0,2.6045301006404395
T8,m4_fep8_m1_0,1.1956758270047625
T8,m1_fep8_m60_0,2.778459347826087
T8,m2_fep8_m60_0,1.829261432875795
T8,m3_fep8_m60_0,2.348322990458764
T8,m4_fep8_m60_0,10.192554266958425
T8,m1_fep8_p1_60,1.3086911413043478
T8,m2_fep8_p1_60,0.5901464255817848
T8,m3_fep8_p1_60,0.15706990456268802
T8,m4_fep8_p1_60,0.25446493305870244
T8,m1_fep9_m1_0,1.9576219353966755
T8,m2_fep9_m1_0,1.3902984429934706
T8,m3_fep9_m1_0,4.3631773824813775
T8,m4_fep9_m1_0,1.4518787783457858
T8,m1_fep9_m60_0,4.650512974726315
T8,m2_fep9_m60_0,2.6691160890674706
T8,m3_fep9_m60_0,3.687311071153352
T8,m4_fep9_m60_0,16.254980128457202
T8,m1_fep9_p1_60,2.2388069883752366
T8,m2_fep9_p1_60,1.114068084393838
T8,m3_fep9_p1_60,0.6412788953114965
T8,m4_fep9_p1_60,0.3076487673747706
T8,m1_fep10_m1_0,1.3946275102040817
T8,m2_fep10_m1_0,1.940249819731236
T8,m3_fep10_m1_0,9.122514895819853
T8,m4_fep10_m1_0,2.236222188526662
T8,m1_fep10_m60_0,4.4436449251700685
T8,m2_fep10_m60_0,4.010880072107506
T8,m3_fep10_m60_0,7.308790746732238
T8,m4_fep10_m60_0,29.469398989133182
T8,m1_fep10_p1_60,2.381881102040816
T8,m2_fep10_p1_60,1.5083730088495577
T8,m3_fep10_p1_60,0.8084642034424746
T8,m4_fep10_p1_60,-0.8469263709881223
T9,m2_fep1_q1_m1_0,-2.308838478355925
T9,m2_fep1_q2_m1_0,-1.4426802669208771
T9,m2_fep1_q3_m1_0,-1.206574139626352
T9,m2_fep1_q4_m1_0,-1.0238172557172556
T9,m2_fep1_q5_m1_0,-0.6358788876276957
T9,m2_fep1_q1_m60_0,-4.860361696545692
T9,m2_fep1_q2_m60_0,-4.95978093422307
T9,m2_fep1_q3_m60_0,-4.228905899705015
T9,m2_fep1_q4_m60_0,-4.556197920997921
T9,m2_fep1_q5_m60_0,-4.992630419977298
T9,m2_fep1_q1_p1_60,-0.7127898075240595
T9,m2_fep1_q2_p1_60,-1.6070000953288845
T9,m2_fep1_q3_p1_60,-2.1256739429695184
T9,m2_fep1_q4_p1_60,-2.9261197505197503
T9,m2_fep1_q5_p1_60,-3.0502088535754823
T9,m2_fep2_q1_m1_0,-1.3517612945838837
T9,m2_fep2_q2_m1_0,-1.1656580492424242
T9,m2_fep2_q3_m1_0,-0.7410927710843374
T9,m2_fep2_q4_m1_0,-0.6799470132743364
T9,m2_fep2_q5_m1_0,-0.7048291313559322
T9,m2_fep2_q1_m60_0,-2.184142228093351
T9,m2_fep2_q2_m60_0,-4.321790246212121
T9,m2_fep2_q3_m60_0,-4.138898694779116
T9,m2_fep2_q4_m60_0,-4.47102267699115
T9,m2_fep2_q5_m60_0,-5.617656673728813
T9,m2_fep2_q1_p1_60,-1.5161424482606778
T9,m2_fep2_q2_p1_60,-1.5445065340909088
T9,m2_fep2_q3_p1_60,-2.3058900602409635
T9,m2_fep2_q4_p1_60,-2.4778429203539822
T9,m2_fep2_q5_p1_60,-3.4508245762711867
T9,m2_fep3_q1_m1_0,-1.0005129101899828
T9,m2_fep3_q2_m1_0,-0.8898585178055822
T9,m2_fep3_q3_m1_0,-0.7550728395061729
T9,m2_fep3_q4_m1_0,-0.46456459016393453
T9,m2_fep3_q5_m1_0,-0.6472306997742663
T9,m2_fep3_q1_m60_0,-1.5416086355785836
T9,m2_fep3_q2_m60_0,-3.063528200192493
T9,m2_fep3_q3_m60_0,-3.095580555555556
T9,m2_fep3_q4_m60_0,-3.445873989071038
T9,m2_fep3_q5_m60_0,-4.586766930022574
T9,m2_fep3_q1_p1_60,-0.006728293736500905
T9,m2_fep3_q2_p1_60,-1.3694652550529356
T9,m2_fep3_q3_p1_60,-1.4559080329557157
T9,m2_fep3_q4_p1_60,-2.8747424043715846
T9,m2_fep3_q5_p1_60,-3.262634085778781
T9,m2_fep4_q1_m1_0,-0.503559512195122
T9,m2_fep4_q2_m1_0,-0.5044532323232324
T9,m2_fep4_q3_m1_0,-0.3716260962566845
T9,m2_fep4_q4_m1_0,-0.3782462340672074
T9,m2_fep4_q5_m1_0,-0.35147311586051744
T9,m2_fep4_q1_m60_0,0.5256744715447155
T9,m2_fep4_q2_m60_0,-2.204172626262626
T9,m2_fep4_q3_m60_0,-1.8005524064171121
T9,m2_fep4_q4_m60_0,-2.9882333719582848
T9,m2_fep4_q5_m60_0,-4.4290278965129355
T9,m2_fep4_q1_p1_60,0.002680772357723628
T9,m2_fep4_q2_p1_60,-0.26381686868686854
T9,m2_fep4_q3_p1_60,-1.189658395721925
T9,m2_fep4_q4_p1_60,-1.7387506373117034
T9,m2_fep4_q5_p1_60,-3.608162879640045
T9,m2_fep5_q1_m1_0,0.13935578154425615
T9,m2_fep5_q2_m1_0,-0.1683566276803119
T9,m2_fep5_q3_m1_0,-0.223126091954023
T9,m2_fep5_q4_m1_0,-0.1441236340533672
T9,m2_fep5_q5_m1_0,-0.06009096534653466
T9,m2_fep5_q1_m60_0,1.8837595856873823
T9,m2_fep5_q2_m60_0,-0.69107261208577
T9,m2_fep5_q3_m60_0,-1.2398611494252874
T9,m2_fep5_q4_m60_0,-1.7493902160101649
T9,m2_fep5_q5_m60_0,-4.056389727722773
T9,m2_fep5_q1_p1_60,1.4719052790346907
T9,m2_fep5_q2_p1_60,-0.11446695906432744
T9,m2_fep5_q3_p1_60,-1.5173336781609197
T9,m2_fep5_q4_p1_60,-2.3087043202033035
T9,m2_fep5_q5_p1_60,-3.3185238861386144
T9,m2_fep6_q1_m1_0,0.6403442741935484
T9,m2_fep6_q2_m1_0,0.315665062560154
T9,m2_fep6_q3_m1_0,0.20874673423423423
T9,m2_fep6_q4_m1_0,0.22431241299303945
T9,m2_fep6_q5_m1_0,0.02545157159487776
T9,m2_fep6_q1_m60_0,3.582498629032258
T9,m2_fep6_q2_m60_0,0.8012620789220404
T9,m2_fep6_q3_m60_0,-1.1750322072072072
T9,m2_fep6_q4_m60_0,-1.6712349187935036
T9,m2_fep6_q5_m60_0,-4.26235506402794
T9,m2_fep6_q1_p1_60,2.4837306048387098
T9,m2_fep6_q2_p1_60,0.16445630413859486
T9,m2_fep6_q3_p1_60,-1.3030154279279278
T9,m2_fep6_q4_p1_60,-1.931545475638051
T9,m2_fep6_q5_p1_60,-3.3159071012805588
T9,m2_fep7_q1_m1_0,1.4110966478014804
T9,m2_fep7_q2_m1_0,0.7471629179331307
T9,m2_fep7_q3_m1_0,0.28520150637311703
T9,m2_fep7_q4_m1_0,0.23513019323671497
T9,m2_fep7_q5_m1_0,0.24381362088535755
T9,m2_fep7_q1_m60_0,4.743320069656074
T9,m2_fep7_q2_m60_0,1.126880547112462
T9,m2_fep7_q3_m60_0,0.31902143684820394
T9,m2_fep7_q4_m60_0,-2.364656884057971
T9,m2_fep7_q5_m60_0,-3.193126560726447
T9,m2_fep7_q1_p1_60,2.34771493902439
T9,m2_fep7_q2_p1_60,0.0842256332320163
T9,m2_fep7_q3_p1_60,-0.8207636152954809
T9,m2_fep7_q4_p1_60,-1.8632068840579712
T9,m2_fep7_q5_p1_60,-2.684383881952327
T9,m2_fep8_q1_m1_0,1.9758289355992844
T9,m2_fep8_q2_m1_0,1.0145432515337423
T9,m2_fep8_q3_m1_0,0.7894809426229508
T9,m2_fep8_q4_m1_0,0.4600206629834254
T9,m2_fep8_q5_m1_0,0.3304345847554039
T9,m2_fep8_q1_m60_0,5.7223593470483
T9,m2_fep8_q2_m60_0,1.9164688139059305
T9,m2_fep8_q3_m60_0,-0.32058565573770476
T9,m2_fep8_q4_m60_0,-1.2839360220994476
T9,m2_fep8_q5_m60_0,-2.578658134243459
T9,m2_fep8_q1_p1_60,3.0001700223713645
T9,m2_fep8_q2_p1_60,0.5581643149284254
T9,m2_fep8_q3_p1_60,-0.390711475409836
T9,m2_fep8_q4_p1_60,-1.0873601104972375
T9,m2_fep8_q5_p1_60,-2.6859212741751994
T9,m2_fep9_q1_m1_0,2.2699833027522933
T9,m2_fep9_q2_m1_0,1.2873218556701032
T9,m2_fep9_q3_m1_0,1.0212517802644963
T9,m2_fep9_q4_m1_0,0.638738436123348
T9,m2_fep9_q5_m1_0,0.5612894849785408
T9,m2_fep9_q1_m60_0,6.82626633027523
T9,m2_fep9_q2_m60_0,2.72995206185567
T9,m2_fep9_q3_m60_0,1.1833233977619535
T9,m2_fep9_q4_m60_0,-0.7228248898678413
T9,m2_fep9_q5_m60_0,-2.2463150214592273
T9,m2_fep9_q1_p1_60,3.2880676605504586
T9,m2_fep9_q2_p1_60,2.053407319587629
T9,m2_fep9_q3_p1_60,0.1748621566632756
T9,m2_fep9_q4_p1_60,-0.8329389867841409
T9,m2_fep9_q5_p1_60,-2.064617508055854
T9,m2_fep10_q1_m1_0,3.2653663993246096
T9,m2_fep10_q2_m1_0,1.345936462450593
T9,m2_fep10_q3_m1_0,1.4881923076923078
T9,m2_fep10_q4_m1_0,0.9716902161547213
T9,m2_fep10_q5_m1_0,0.4885409836065574
T9,m2_fep10_q1_m60_0,8.403689826931195
T9,m2_fep10_q2_m60_0,3.905401976284585
T9,m2_fep10_q3_m60_0,1.6945393724696358
T9,m2_fep10_q4_m60_0,0.09684220705346994
T9,m2_fep10_q5_m60_0,-1.3413899297423886
T9,m2_fep10_q1_p1_60,3.8488655550865345
T9,m2_fep10_q2_p1_60,1.2848534584980238
T9,m2_fep10_q3_p1_60,0.803839068825911
T9,m2_fep10_q4_p1_60,-0.2902898748577929
T9,m2_fep10_q5_p1_60,-2.0528926229508198
