month,annual,nonannual,difference
1985-02-01,,0.030135609053253028,
1985-03-01,,0.05670440016288829,
1985-04-01,,-0.052509724433999365,
1985-05-01,,-0.05764416823905972,
1985-06-01,,0.07668735862689666,
1985-07-01,,-0.018285172413896315,
1985-08-01,,-0.06101653791816957,
1985-09-01,,-0.07808486042672651,
1985-10-01,,0.018484008488005063,
1985-11-01,,-0.2434387867130106,
1985-12-01,,0.002953620173346547,
1986-01-01,0.01542684630122421,-0.04764092907120087,0.06306777537242508
1986-02-01,0.01572436686084315,0.13164776666669972,-0.11592339980585657
1986-03-01,3.802219486799541e-05,0.07125364001030435,-0.07121561781543635
1986-04-01,0.055150293302950994,0.11072848928108374,-0.055578195978132745
1986-05-01,0.040157278059932716,-0.0019204989260351649,0.04207777698596788
1986-06-01,0.00404938438488368,-0.011677100775460374,0.015726485160344056
1986-07-01,-0.014125680109658565,-0.06566488901515898,0.051539208905500414
1986-08-01,-0.00941572009252055,-0.025585572415345568,0.01616985232282502
1986-09-01,0.05069289498014864,-0.048869938864897225,0.09956283384504586
1986-10-01,-0.06011721557703435,0.028107871616850643,-0.088225087193885
1986-11-01,-0.04191383797318923,-0.057120984808749,0.015207146835559765
1986-12-01,-0.16063112068767973,0.16566929015283222,-0.326300410840512
1987-01-01,-0.08103515128046743,-0.07519853468462456,-0.005836616595842864
1987-02-01,-0.011019969008114486,-0.0056907393688095526,-0.005329229639304933
1987-03-01,0.1572624322434562,0.03471493622160879,0.12254749602184742
1987-04-01,-0.1507207497465628,0.0414730733637821,-0.19219382311034489
1987-05-01,-0.06117910461893784,-0.01486525127001024,-0.046313853348927604
1987-06-01,0.04338671289775167,-0.04558092496327041,0.08896763786102208
1987-07-01,-0.02932043098529718,-0.03994227952061997,0.01062184853532279
1987-08-01,-0.015813574191273508,0.016330020691968927,-0.032143594883242435
1987-09-01,0.029690359877652114,-0.03129107951781512,0.06098143939546723
1987-10-01,0.09819900803087234,0.03446070738656726,0.06373830064430508
1987-11-01,0.018969951012482028,0.0203341687936183,-0.0013642177811362712
1987-12-01,0.04992733087817407,-0.017486417647945916,0.06741374852611998
1988-01-01,-0.012588208425978664,0.011021675216946109,-0.023609883642924774
1988-02-01,-0.010419940812386216,-0.007506948721953691,-0.0029129920904325257
1988-03-01,-0.020555193424504792,-0.02394116937229359,0.0033859759477887982
1988-04-01,0.014320573411402665,-0.03205022501668406,0.046370798428086724
1988-05-01,0.02808938749916043,-0.011320765738667634,0.039410153237828066
1988-06-01,0.006515427867529594,-0.01640194854191227,0.022917376409441866
1988-07-01,-0.005986455000312396,-0.011557306946342764,0.0055708519460303686
1988-08-01,-0.021017371946262763,-0.0038852310230281586,-0.017132140923234604
1988-09-01,0.02122519139236204,-0.004292183014443114,0.025517374406805154
1988-10-01,-0.040463581331293165,0.024264749671338844,-0.064728331002632
1988-11-01,0.00911639960853848,-0.009517474813579903,0.018633874422118384
1988-12-01,6.164575939068481e-05,-0.017619690535769672,0.017681336295160357
1989-01-01,0.010667161332168724,-0.03517183161979252,0.04583899295196124
1989-02-01,0.014530024557372337,-0.005983611739259932,0.02051363629663227
1989-03-01,0.012794434261751763,-0.0018491973951510823,0.014643631656902845
1989-04-01,0.0009108813385540447,-0.009865892520673474,0.010776773859227519
1989-05-01,0.026829167087648716,-0.016242487001810368,0.04307165408945908
1989-06-01,0.016844639457700324,-0.024568821255811366,0.04141346071351169
1989-07-01,0.01991616959834494,0.0022901100004964065,0.017626059597848534
1989-08-01,-0.03626401816952825,0.002367665491950968,-0.03863168366147922
1989-09-01,0.0011520022320675935,0.015900417162171145,-0.014748414930103551
1989-10-01,0.012819186720255504,0.0050337906858577836,0.007785396034397721
1989-11-01,0.021674398031537975,0.005384851569363108,0.016289546462174866
1989-12-01,0.017125351072870762,0.007227129230494275,0.009898221842376487
1990-01-01,-0.02905536414587241,-0.002196707089418136,-0.026858657056454276
1990-02-01,-0.028263752301634942,0.010200471398640325,-0.03846422370027527
1990-03-01,-0.041227279480907014,-0.005760846532206307,-0.03546643294870071
1990-04-01,-0.008391609373864371,-0.011441287988964571,0.0030496786151002
1990-05-01,0.026663045704473712,0.04786837912512451,-0.0212053334206508
1990-06-01,0.026182804584267586,-0.003609755020387498,0.029792559604655086
1990-07-01,0.011778834221678192,0.006794205486836513,0.0049846287348416785
1990-08-01,-0.028660429300052942,-0.052004733774968004,0.023344304474915062
1990-09-01,-0.010449751473552316,-0.01746769283997321,0.007017941366420893
1990-10-01,0.05931833194291458,0.06476887518030292,-0.005450543237388333
1990-11-01,-0.04314919063485113,-0.030852419784751013,-0.012296770850100114
1990-12-01,-0.016947953884929954,-0.04446622642278783,0.027518272537857876
1991-01-01,-0.0007447268896393355,-0.032564166017540405,0.03181943912790107
1991-02-01,-0.008235191293891053,0.013888004615924737,-0.02212319590981579
1991-03-01,0.04678003363501569,-0.0715477932986832,0.11832782693369889
1991-04-01,-0.011273917718004407,-0.014171421819817424,0.0028975041018130167
1991-05-01,-0.001491143356163775,-0.007550636535550889,0.006059493179387114
1991-06-01,0.005238528558499302,0.0038660776104678454,0.0013724509480314562
1991-07-01,0.017743973804463513,0.01673799819995323,0.0010059756045102813
1991-08-01,-0.004381735307065024,-0.02033575899183353,0.015954023684768507
1991-09-01,0.025303612460791394,-0.014679693073140994,0.03998330553393239
1991-10-01,0.010286816233414035,0.0012652945099036333,0.009021521723510402
1991-11-01,-0.009702605494258193,-0.04649906104615971,0.036796455551901516
1991-12-01,0.02630042039681061,0.02239043969735864,0.003909980699451969
1992-01-01,-0.0126027787984564,-0.06303100777402547,0.05042822897556907
1992-02-01,0.02099999037732122,-0.015917094784306536,0.036917085161627755
1992-03-01,-0.0810065491401043,-0.07885420294683373,-0.0021523461932705656
1992-04-01,0.017654627785868533,-0.009135338893396919,0.02678996667926545
1992-05-01,-0.00868715764478338,0.007689352743555589,-0.01637651038833897
1992-06-01,-0.003419300651251629,-0.015831190953492277,0.012411890302240648
1992-07-01,-0.015360456144474201,-0.001159766526107997,-0.014200689618366204
1992-08-01,-0.006620754470608073,0.021319602517611266,-0.02794035698821934
1992-09-01,0.024700988987227605,0.09670473226544127,-0.07200374327821366
1992-10-01,0.00029152825773592905,0.006247832743501797,-0.005956304485765868
1992-11-01,0.01382127929678546,-0.0067988728319400005,0.02062015212872546
1992-12-01,-0.011623250793528203,-0.00853186478616344,-0.003091386007364763
1993-01-01,-0.038245140004575066,-0.08008744308488498,0.041842303080309916
1993-02-01,0.003899890261130523,-0.052599629784932274,0.0564995200460628
1993-03-01,-0.026189521054191117,-0.000295432395476386,-0.02589408865871473
1993-04-01,0.01656349253413178,-0.04606645064059815,0.06262994317472993
1993-05-01,-0.021239392705705434,-0.06320753309101322,0.04196814038530779
1993-06-01,-0.012259588777736639,-0.016912307061678573,0.004652718283941934
1993-07-01,0.0007080525350188615,-0.021383781418762668,0.02209183395378153
1993-08-01,0.006882082704782785,0.0013562258259879473,0.005525856878794838
1993-09-01,0.009677244845925224,0.0032406234869811028,0.006436621358944121
1993-10-01,-0.02910109963917602,-0.013025385221110571,-0.016075714418065448
1993-11-01,0.008465501073129156,-0.03335366307612722,0.04181916414925638
1993-12-01,-0.009501000071991957,-0.01631741991720853,0.0068164198452165745
1994-01-01,0.011912292418275683,-0.04026144455722094,0.052173736975496626
1994-02-01,0.0012186594321162598,0.008350636756093377,-0.007131977323977117
1994-03-01,0.003206071170322006,-0.0008723666702789776,0.004078437840600984
1994-04-01,-0.009061011015226259,-0.0025507892071391126,-0.006510221808087146
1994-05-01,-0.010798952500694018,-0.032706423926923786,0.021907471426229768
1994-06-01,0.03757503001973307,0.024397626160561788,0.013177403859171283
1994-07-01,0.002084873604605314,0.007960969820731575,-0.005876096216126261
1994-08-01,0.007713352283264839,-0.03197186707198378,0.03968521935524862
1994-09-01,-0.008182604713292733,-0.02925826690750928,0.021075662194216548
1994-10-01,-0.0010497408651064894,0.004665956201704057,-0.005715697066810546
1994-11-01,0.001927591830579084,-0.001127722915409149,0.003055314745988233
1994-12-01,0.010263244596313437,5.620238524777464e-05,0.010207042211065663
1995-01-01,-0.0016461015746077473,-0.024189069174137576,0.02254296759952983
1995-02-01,-0.012052882262001817,-0.021940984823113657,0.00988810256111184
1995-03-01,-0.0020455907792542305,0.011629348054308125,-0.013674938833562356
1995-04-01,-0.013457798371374015,-0.011584694241019072,-0.0018731041303549426
1995-05-01,-0.011053087221189131,-0.006287577965187325,-0.004765509256001806
1995-06-01,-0.003831100762488663,-0.012290385084381183,0.00845928432189252
1995-07-01,-0.0023938319456804982,0.010642428970594087,-0.013036260916274585
1995-08-01,-0.006194074495868588,-0.007725291403942546,0.0015312169080739573
1995-09-01,0.000891480407485816,-0.0091805818311609,0.010072062238646717
1995-10-01,-0.001977067248984613,-0.0034199163294935213,0.001442849080508908
1995-11-01,-0.003475870659215877,0.009352728188966791,-0.012828598848182668
1995-12-01,0.01714366855555356,0.008612559241402185,0.008531109314151374
1996-01-01,-0.03802702012909382,0.0026312089882802522,-0.04065822911737407
1996-02-01,0.0038588357873694523,0.007274669494499682,-0.0034158337071302294
1996-03-01,0.014958393615511694,-0.02015734573345613,0.03511573934896782
1996-04-01,0.013303252692062645,-0.05388220446088324,0.06718545715294588
1996-05-01,-0.03640044406570426,0.004650426124861086,-0.041050870190565344
1996-06-01,0.015820869463046557,-0.0013195369872019032,0.01714040645024846
1996-07-01,0.015590717058814998,-0.004162344059003467,0.019753061117818466
1996-08-01,-0.02765402771538892,-0.03849355989218317,0.010839532176794252
1996-09-01,0.0013798958421379751,0.00043687838226911266,0.0009430174598688625
1996-10-01,0.0008559945643555713,-0.017141090305883712,0.017997084870239283
1996-11-01,0.0026032102956988438,-0.002977584612932848,0.005580794908631692
1996-12-01,0.0008983002044211895,-0.014362332548475758,0.015260632752896948
1997-01-01,-0.06782538185642167,-0.011942070345344422,-0.055883311511077255
1997-02-01,-0.013690665609975197,0.017882491422533495,-0.031573157032508695
1997-03-01,0.013203766302978252,-0.022152169536637813,0.03535593583961606
1997-04-01,0.013713674749394698,-0.033316693744580884,0.047030368493975586
1997-05-01,-0.01457737568530311,-0.023465045003008084,0.008887669317704974
1997-06-01,0.007924693875809179,-0.01422248910326731,0.022147182979076488
1997-07-01,0.00647840012816657,-0.026994544772751913,0.03347294490091848
1997-08-01,0.006737034918745232,-0.010123473476669004,0.016860508395414236
1997-09-01,-0.010857040090863362,-0.008608104839103988,-0.0022489352517593743
1997-10-01,0.02209054341655212,-0.006262069306496806,0.028352612723048926
1997-11-01,-0.00680697264913345,-0.011917126413307319,0.005110153764173869
1997-12-01,-0.015901517619717455,-0.0003405475155473618,-0.015560970104170093
1998-01-01,0.06876445563398205,-0.023419962313461537,0.09218441794744359
1998-02-01,-0.004467247462820137,-0.006296009136425751,0.001828761673605614
1998-03-01,0.008309040690882032,-0.010241453454191123,0.018550494145073156
1998-04-01,-0.0025805920368195557,-0.004546698030011741,0.0019661059931921857
1998-05-01,0.005191527108960691,-0.006777568527905089,0.01196909563686578
1998-06-01,0.013765850581987482,0.0063452686453349325,0.00742058193665255
1998-07-01,0.008466093659995823,-0.011967524736418274,0.020433618396414097
1998-08-01,-0.0034917825937752778,-0.03162409863051452,0.02813231603673924
1998-09-01,-0.008804944903900856,0.00547398836835819,-0.014278933272259046
1998-10-01,0.001458846704676102,0.01108215080475735,-0.009623304100081248
1998-11-01,-0.0034513867554069946,-0.012734900847876013,0.009283514092469018
1998-12-01,0.012335714184399042,0.015255066474076415,-0.0029193522896773724
1999-01-01,-0.011077500527990287,-0.08765534334283782,0.07657784281484753
1999-02-01,0.023811114385647668,-0.02411957842006067,0.04793069280570834
1999-03-01,-0.004081259962382872,-0.008547815888488124,0.004466555926105252
1999-04-01,-0.03206172940148841,-0.056889612854875926,0.024827883453387517
1999-05-01,-0.014419465457466548,-0.008435906591302628,-0.00598355886616392
1999-06-01,0.05194979688668619,0.03173036522303634,0.020219431663649846
1999-07-01,0.026982834595008408,0.004502783804197354,0.022480050790811053
1999-08-01,-0.010443274087271363,-0.0069475079979317116,-0.003495766089339651
1999-09-01,-0.03988419821809977,-0.07433308495852084,0.03444888674042107
1999-10-01,-0.0008936605722391321,0.012278019943487685,-0.013171680515726817
1999-11-01,0.018017118295415677,0.0143877352870059,0.0036293830084097763
1999-12-01,0.02922531030995599,-0.06794300030066854,0.09716831061062453
2000-01-01,0.00898932606826721,-0.12300445950848378,0.13199378557675098
2000-02-01,-0.05627372486571107,-0.16232173760024432,0.10604801273453325
2000-03-01,-0.02404633567727625,-0.01664667127976549,-0.007399664397510761
2000-04-01,0.019489604169861244,-0.005897556406790044,0.025387160576651288
2000-05-01,0.022353729715576316,0.0056756501110972815,0.016678079604479035
2000-06-01,0.00928436522921667,0.0034042129111149858,0.0058801523181016835
2000-07-01,0.010754650310547176,-0.028909320750989363,0.03966397106153654
2000-08-01,-0.03176210182679335,0.004672117671362268,-0.03643421949815562
2000-09-01,0.0010635145339282885,-0.02657634611708049,0.027639860651008777
2000-10-01,0.009344138223806295,-0.04557465366666831,0.054918791890474605
2000-11-01,0.0008894748772377559,-0.049683498733091774,0.05057297361032953
2000-12-01,0.038210187628736146,-0.03819968584764238,0.07640987347637852
2001-01-01,0.057384130388569675,-0.013328949572991314,0.07071307996156098
2001-02-01,-0.0028227994430276328,-0.11135851535211899,0.10853571590909136
2001-03-01,0.04582644972535726,-0.10495372190098004,0.1507801716263373
2001-04-01,0.016456074390761667,0.006600295895129928,0.00985577849563174
2001-05-01,0.004589829072534912,-0.04284296900815106,0.04743279808068597
2001-06-01,-0.0009685233936633161,-0.07539758455970436,0.07442906116604103
2001-07-01,0.008754398262637506,-0.05632199337175196,0.06507639163438947
2001-08-01,0.022106917987355746,-0.043431333244454584,0.06553825123181033
2001-09-01,0.027546088438849994,-0.059561315674039036,0.08710740411288903
2001-10-01,0.0022655850556030643,0.07283742133363383,-0.07057183627803076
2001-11-01,0.05460186689708023,-0.006435805595924382,0.06103767249300461
2001-12-01,-0.0051632534644092875,-0.01923944993680427,0.01407619647239498
2002-01-01,-0.0156992074058092,-0.0689533934593807,0.0532541860535715
2002-02-01,-0.05325335731416706,0.0068342917814706566,-0.06008764909563772
2002-03-01,-0.011246274452653165,0.008281406352563511,-0.019527680805216677
2002-04-01,0.026117194001870327,-0.027271340970738682,0.05338853497260901
2002-05-01,-0.00746013159170511,-0.015824739090704608,0.008364607498999498
2002-06-01,-0.00449116115451649,-0.013509571401352102,0.009018410246835612
2002-07-01,0.0317666922404749,-0.0016046107288492512,0.033371302969324154
2002-08-01,-0.007831376609079075,0.017603487259862743,-0.025434863868941816
2002-09-01,0.036715396380164245,0.028376324304484557,0.008339072075679688
2002-10-01,-0.014258643402203768,-0.036356926393009054,0.022098282990805285
2002-11-01,-0.04532976341741278,-0.09517811578213771,0.04984835236472493
2002-12-01,-0.29853297620995833,-0.22431721285134254,-0.0742157633586158
2003-01-01,-0.023127723410073894,-0.027949246468465992,0.004821523058392098
2003-02-01,-0.01971656720607657,0.0010841278873542932,-0.02080069509343086
2003-03-01,0.014515456676342652,0.010324427979610987,0.004191028696731665
2003-04-01,-0.020840193364819418,-0.07218181353030048,0.051341620165481064
2003-05-01,-0.08590548814633399,-0.13631785431246818,0.05041236616613419
2003-06-01,0.034259617183294525,-0.0877438458163603,0.12200346299965482
2003-07-01,-0.009301796921505755,-0.021101796578923238,0.011799999657417484
2003-08-01,-0.01890257607327281,-0.04847908787989262,0.029576511806619812
2003-09-01,-0.0351802496470265,-0.07132558330687645,0.036145333659849954
2003-10-01,-0.00013259156686709628,-0.03973949439966899,0.039606902832801896
2003-11-01,-0.026612490712253876,0.017411525412735496,-0.04402401612498937
2003-12-01,-0.008370932585796104,0.03396677732015575,-0.042337709905951856
2004-01-01,0.003825612953531579,-0.13451264265433213,0.13833825560786372
2004-02-01,0.011366569016860402,-0.0024736043532533475,0.01384017337011375
2004-03-01,0.05410711978716137,-0.013816244313818504,0.06792336410097988
2004-04-01,0.015205622124621045,-0.04790164060400978,0.06310726272863082
2004-05-01,0.020036792179455858,0.015199645284412092,0.004837146895043765
2004-06-01,-0.0025502176953972056,0.0029118077997557813,-0.005462025495152987
2004-07-01,0.021292759834126852,-0.012272807745310331,0.03356556757943718
2004-08-01,0.006114499928135366,0.008293469650793427,-0.002178969722658061
2004-09-01,-0.004505632634291781,-0.01119362452833507,0.006687991894043288
2004-10-01,-0.02098303299740792,-0.010082821688301012,-0.010900211309106907
2004-11-01,-0.0067651813584368725,0.004191483842073115,-0.010956665200509988
2004-12-01,-0.02600983547141155,-0.006255904841277318,-0.019753930630134232
2005-01-01,0.024711654384196896,-0.006013193385741713,0.03072484776993861
2005-02-01,-0.000701271066542844,-0.021981541728251355,0.02128027066170851
2005-03-01,-0.011702092960354288,-0.02107518325346473,0.009373090293110441
2005-04-01,0.02197415913016735,-0.023782260265793026,0.045756419395960375
2005-05-01,-0.017800511148180542,-0.01925011920184543,0.0014496080536648866
2005-06-01,0.015018521111827589,-0.0018065680369197673,0.016825089148747356
2005-07-01,-0.0037139723420157866,-0.005898244678962203,0.002184272336946416
2005-08-01,0.028520835522622537,-0.0016879814026332027,0.03020881692525574
2005-09-01,0.008513811511405539,0.003880568967231955,0.004633242544173584
2005-10-01,0.011405661240501644,-0.0053930885675827,0.016798749808084344
2005-11-01,0.004218354462600785,0.027293262763290756,-0.02307490830068997
2005-12-01,0.031006379104198345,-0.006696462903023018,0.03770284200722136
2006-01-01,-0.001024137331343239,-0.02172643497538626,0.020702297644043022
2006-02-01,-0.005892576757149024,-0.018579601341812652,0.012687024584663628
2006-03-01,0.004953296679670552,0.0021345671794262278,0.002818729500244324
2006-04-01,-0.03810144257681197,-0.0035633314169985636,-0.03453811115981341
2006-05-01,-0.005097714079277664,-0.032525355938018814,0.02742764185874115
2006-06-01,0.010245103731631802,-0.033072375206228424,0.043317478937860227
